科目ナンバリング,科目名,氏名,曜時限
U-LAS04 20019 LJ46,神経心理学II,月浦　崇,月1
U-LAS70 10001 SJ50,ILASセミナー ：神経心理学,月浦　崇,月5
U-LAS04 10005 LJ46,心理学Ｉ,月浦　崇,月2
U-LAS04 10006 LJ46,心理学II,永田　素彦,火2
U-LAS04 20029 LJ45,社会学各論II,朝田　佳尚,火2
U-LAS70 10001 SJ50,ILASセミナー ：社会学II,吉田　純,金5
U-LAS04 20037 SJ45,社会学基礎ゼミナールII,吉田　純,金5
U-LAS04 20028 LJ45,社会学各論Ｉ,岡崎　宏樹,月4
U-LAS04 10010 LJ45,社会学Ｉ,吉田　純,月2
U-LAS04 10010 LJ45,社会学Ｉ,柴田　悠,木3
U-LAS04 10011 LJ45,社会学II,吉田　純,月2
U-LAS04 10011 LJ45,社会学II,吉田　純,月3
U-LAS70 10001 SJ50,ILASセミナー ：社会学Ｉ,柴田　悠,金2
U-LAS04 20036 SJ45,社会学基礎ゼミナールＩ,柴田　悠,金2
U-LAS05 10006 LJ23,自然地理学,大山　修一,金5
U-LAS05 10006 LJ23,自然地理学,松四　雄騎,木3
U-LAS05 10007 LJ23,人文地理学,稲垣　稜,火5
U-LAS05 10007 LJ23,人文地理学,小島　泰雄,月2
U-LAS05 10007 LJ23,人文地理学,山村　亜希,木3
U-LAS05 20010 LJ39,人文地理学各論Ｉ（都市）,稲垣　稜,火4
U-LAS05 20011 LJ39,人文地理学各論II（村落）,小島　泰雄,金2
U-LAS05 20012 LJ39,人文地理学各論III（歴史地理）,米家　泰作,月2
U-LAS05 20013 LJ39,人文地理学各論IV（地域情報）,矢野　桂司,金3
U-LAS05 20014 LJ39,人文地理学各論V（経済地理）,水野　真彦,月2
U-LAS05 10009 LJ23,地域地理学,小島　泰雄,月2
U-LAS05 10009 LJ23,地域地理学,山村　亜希,水5
U-LAS05 10009 LJ23,地域地理学,安藤　哲郎,水1
U-LAS05 20017 LJ23,地域地理学各論Ｉ（日本）,山村　亜希,火3
U-LAS05 20018 LJ23,地域地理学各論II（欧米）,山村　亜希,火3
U-LAS05 20019 LJ23,地域地理学各論III（アジア・アフリカ）,小島　泰雄,金2
U-LAS05 20009 SJ40,社会人類学調査演習,岩谷　彩子,木2
U-LAS70 10001 SJ50,ILASセミナー ：社会人類学調査法,岩谷　彩子,木2
U-LAS05 20003 LJ40,宗教人類学,岩谷　彩子,水2
U-LAS05 10005 LJ40,生態人類学II,風間　計博,火2
U-LAS05 20002 LJ40,文化人類学各論II,風間　計博,火3
U-LAS05 20001 LJ40,文化人類学各論Ｉ,風間　計博,火3
U-LAS05 10001 LJ40,文化人類学Ｉ,岩谷　彩子,木3
U-LAS05 10004 LJ40,生態人類学Ｉ,大山　修一,火2
U-LAS05 10003 LJ40,文化人類学II,岩谷　彩子,木3
U-LAS70 10001 SJ50,ILASセミナー ：文化人類学調査法,風間　計博,水5
U-LAS05 20008 SJ40,文化人類学調査演習,風間　計博,水2
U-LAS05 10010 LJ74,都市空間論,前田　昌弘,火5
U-LAS05 20028 SJ74,都市空間論基礎ゼミナールＩ,中嶋　節子,金2
U-LAS05 10010 LJ74,都市空間論,中嶋　節子,水1
U-LAS05 20029 SJ74,都市空間論基礎ゼミナールII,前田　昌弘,水4
U-LAS06 10007 LJ43,経済学Ｉ,山本　泰三,金5
U-LAS06 10007 LJ43,経済学Ｉ,柴山　桂太,月5
U-LAS06 10008 LJ43,経済学II,山本　泰三,木5
U-LAS06 10008 LJ43,経済学II,柴山　桂太,月5
U-LAS06 20029 LJ43,現代経済社会論Ｉ,黒宮　一太,金2
U-LAS70 10001 SJ50,ILASセミナー ：経済思想,大黒　弘慈,月5
U-LAS01 10011 LJ38,現代文明Ｉ,黒宮　一太,金4
U-LAS01 10011 LJ38,現代文明Ｉ,黒宮　一太,金3
U-LAS01 10012 LJ38,現代文明II,黒宮　一太,金4
U-LAS06 20019 LJ42,公共政策論II,浅野　耕太,金2
U-LAS70 10001 SJ50,ILASセミナー ：社会経済システム論,柴山　桂太,水5
U-LAS06 20033 SJ43,社会・経済システム原論基礎ゼミナール,柴山　桂太,水5
U-LAS06 20031 LJ43,統計リテラシー,芦谷　恒憲,水3
U-LAS06 20030 LJ43,現代経済社会論II,黒宮　一太,金2
U-LAS01 10012 LJ38,現代文明II,黒宮　一太,金3
U-LAS06 20027 LJ43,社会経済システム論Ｉ,柴山　桂太,水3
U-LAS06 20028 LJ43,社会経済システム論II,柴山　桂太,水3
U-LAS06 10007 LJ43,経済学Ｉ,大黒　弘慈,月2
U-LAS06 10007 LJ43,経済学Ｉ,大黒　弘慈,月3
U-LAS06 10008 LJ43,経済学II,大黒　弘慈,月2
U-LAS06 10008 LJ43,経済学II,大黒　弘慈,月3
U-LAS06 20018 LJ42,公共政策論Ｉ,佐野　亘,金3
U-LAS06 20006 LJ41,国際法入門,福島　涼史,火2
U-LAS06 10005 LJ42,政治学Ｉ,佐野　亘,木3
U-LAS06 10005 LJ42,政治学Ｉ,益田　実,金3
U-LAS06 10006 LJ42,政治学II,佐野　亘,木3
U-LAS06 10006 LJ42,政治学II,齋藤　嘉臣,月2
U-LAS06 10001 LJ41,日本国憲法,見平　典,水5
U-LAS06 10001 LJ41,日本国憲法,菊池　亨輔,木3
U-LAS06 10001 LJ41,日本国憲法,見平　典,月3
U-LAS06 10001 LJ41,日本国憲法,見平　典,月5
U-LAS06 10002 LJ41,法学,菊池　亨輔,火5
U-LAS06 10002 LJ41,法学,宇佐美　誠,金3
U-LAS06 10002 LJ41,法学,小畑　史子,火2
U-LAS06 10002 LJ41,法学,小畑　史子,火2
U-LAS70 10001 SJ50,ILASセミナー ：現代社会と法,見平　典,火5
U-LAS06 20013 SJ41,現代社会と法基礎ゼミナール,見平　典,火5
U-LAS70 10001 SJ50,ILASセミナー ：公共政策論Ｉ,佐野　亘,月5
U-LAS06 20025 SJ42,公共政策論基礎ゼミナールⅠ,佐野　亘,月3
U-LAS06 20026 SJ42,国際政治論基礎ゼミナール,齋藤　嘉臣,月3
U-LAS06 20001 LJ41,労働と法,小畑　史子,月4
U-LAS06 20001 LJ41,労働と法,小畑　史子,月4
U-LAS70 10001 SJ50,ILASセミナー ：労働法,小畑　史子,月5
U-LAS06 20012 SJ41,労働と法基礎ゼミナール,小畑　史子,月5
U-LAS06 20014 SJ41,法哲学基礎ゼミナール,菊池　亨輔,水5
U-LAS70 10001 SJ50,ILASセミナー ：法哲学,菊池　亨輔,水5
U-LAS06 20021 LJ42,国際政治論II,齋藤　嘉臣,水2
U-LAS06 20003 LJ41,統治機構論,見平　典,水4
U-LAS04 10007 LJ46,行動病理学Ｉ,武本　一美,金5
U-LAS04 10008 LJ46,行動病理学II,武本　一美,金5
U-LAS04 20016 LJ46,精神分析Ｉ,松本　卓也,木2
U-LAS04 20017 LJ46,精神分析II,松本　卓也,木2
U-LAS04 10009 LJ46,精神分析学,松本　卓也,金4
U-LAS04 20027 SJ46,精神病理学・精神分析学講読演習,松本　卓也,水2
U-LAS02 20016 LJ37,ギリシア語Ａ,西井　奨,水3
U-LAS02 20017 LJ37,ギリシア語Ｂ,西井　奨,水3
U-LAS02 20018 LJ37,ラテン語Ａ,西井　奨,水4
U-LAS02 20019 LJ37,ラテン語Ｂ,西井　奨,水4
U-LAS02 10015 LJ37,言語科学Ｉ,守田　貴弘,木3
U-LAS02 10016 LJ37,言語科学II,西脇　麻衣子,木3
U-LAS01 20005 LJ38,中国書誌論,松江　崇,木2
U-LAS01 20006 LJ38,中国文字文化論,松江　崇,木2
U-LAS02 20023 LJ37,言語認知論,谷口　一美,木2
U-LAS05 20033 LJ31,朝鮮・韓国学入門,吉井　秀夫,金3
U-LAS04 20022 LE46,Introduction to Comparative Psychology-E2,Duncan Wilson,水4
U-LAS04 20021 LE46,Introduction to Primate Behavior and Cognition-E2,Duncan Wilson,水4
U-LAS02 10018 LE37,Introduction to Linguistic Science-E2,CATT， Adam Alvah,水1
U-LAS00 10012 LE34,The History of Eastern Thought I-E2,CATT， Adam Alvah,水2
U-LAS00 10015 LE34,Science of Religion I-E2,CATT， Adam Alvah,水2
U-LAS02 10019 LE37,Introduction to Japanese Linguistics I-E2,CATT， Adam Alvah,水1
U-LAS04 20030 LE45,Introduction to Globalization Studies-E2,Stephane Heim,水3
U-LAS04 20032 LE45,Sociology of Work and Organizations-E2,Stephane Heim,水3
U-LAS04 20031 LE45,Introduction to Social Research-E2,Stephane Heim,月3
U-LAS04 20006 LE47,Introduction to Educational Studies I-E2,Emmanuel MANALO,月1
U-LAS04 20004 LE46,Introduction to Educational Psychology I-E2,Emmanuel MANALO,月3
U-LAS04 20005 LE46,Introduction to Educational Psychology II-E2,Emmanuel MANALO,金4
U-LAS04 20007 LE47,Introduction to Educational Studies II-E2,Emmanuel MANALO,金3
U-LAS06 20017 LJ42,歴史の中の政治と人間,島田　幸典,水2
U-LAS06 20005 LJ41,家族と法,横山　美夏,水3
U-LAS06 20009 LJ41,民事裁判入門,本多　俊雄,水2
U-LAS06 20010 LJ41,刑事裁判入門,中川　博之,火2
U-LAS06 20022 LE42,Japan’s Political Economy-E2,HIJINO Ken,火2
U-LAS06 20023 LE42,Japanese Politics-E2,HIJINO Ken,火2
U-LAS06 20007 LJ41,社会保障と法,稲森　公嘉,月2
U-LAS40 20031 LE26,Introduction to Medical Psychology-E2,SAHKER，Ethan Kyle,金4
U-LAS05 20030 LJ31,イスラーム学の基礎,長岡　慎介,水2
U-LAS05 20032 LJ31,イスラーム思想入門,東長　靖,金2
U-LAS06 20015 SJ41,グローバル規範論基礎ゼミナール,宇佐美　誠,金5
U-LAS02 10011 LJ36,漢文学Ｉ,矢木　毅,月2
U-LAS02 10011 LJ36,漢文学Ｉ,永田　知之,月3
U-LAS02 10012 LJ36,漢文学II,矢木　毅,月2
U-LAS02 10012 LJ36,漢文学II,永田　知之,月3
U-LAS05 20004 LJ40,民俗学Ｉ,菊地　暁,水4
U-LAS05 20005 LJ40,民俗学II,菊地　暁,水4
U-LAS01 10014 LE38,Introduction to Asian Societies-E2,未定,集中
U-LAS01 10015 LE38,Religion in Contemporary Society-E2,未定,集中
U-LAS02 20024 LJ37,日本語コミュニケーションの特徴,パリハワダナ　ルチラ,月2
U-LAS02 20025 LJ37,日本語の時間表現の諸相,パリハワダナ　ルチラ,月2
U-LAS04 10005 LJ46,心理学Ｉ,阿部　修士,月2
U-LAS10 20008 LJ55,"確率論基礎2T7, 2T8, 2T9",杉山　登志,月1
U-LAS10 20008 LJ55,"確率論基礎2S5, 2S6, 2S7, 2S8",日野　正訓,月2
U-LAS10 20008 LJ55,"確率論基礎2T5, 2T6, 2T23, 2T24",田中　亮吉,木1
U-LAS10 20008 LJ55,"確率論基礎2S1, 2S2, 2S3, 2S4",楠岡　誠一郎,月2
U-LAS10 20008 LJ55,"確率論基礎2T10, 2T11, 2T12",上木　直昌,水2
U-LAS10 20008 LJ55,"確率論基礎2T13, 2T14, 2T15, 2T16",三浦　真人,月2
U-LAS10 20008 LJ55,"確率論基礎2A5, 2A6, 2A7, 2A8",田中　亮吉,金1
U-LAS10 10021 LJ55,"数学基礎Ａ ［文系］1H1, 1H2, 1H3, 1E4, 1E5, 1E6",上木　直昌,火4・木2
U-LAS10 10021 LJ55,"数学基礎Ａ ［文系］1E1, 1E2, 1E3, 1A5",宍倉　光広,火4・木2
U-LAS10 10022 LJ55,"数学基礎Ｂ ［文系］1H1, 1H2, 1H3, 1E4, 1E5, 1E6",上木　直昌,火4・木2
U-LAS10 10022 LJ55,"数学基礎Ｂ ［文系］1E1, 1E2, 1E3, 1A5",前川　泰則,火4・木2
U-LAS10 20020 LJ55,数理論理学Ａ,櫻川　貴司,火2
U-LAS10 20021 LJ55,数理論理学Ｂ,立木　秀樹,火2
U-LAS10 10007 LJ55,線形代数学（講義・演義）Ａ1T7,田中　祐二,火3・金1
U-LAS10 10007 LJ55,線形代数学（講義・演義）Ａ1T17,井上　義也,月3・火1
U-LAS10 10007 LJ55,線形代数学（講義・演義）Ａ1T3,高棹　圭介,火2・水2
U-LAS10 10007 LJ55,線形代数学（講義・演義）Ａ1T4,永見　誠二,月3・火2
U-LAS10 10007 LJ55,線形代数学（講義・演義）Ａ1T5,稲生　啓行,火1・金1
U-LAS10 10007 LJ55,線形代数学（講義・演義）Ａ1T6,稲生　啓行,火2・金1
U-LAS10 10007 LJ55,線形代数学（講義・演義）Ａ1T1,高棹　圭介,火1・水2
U-LAS10 10007 LJ55,線形代数学（講義・演義）Ａ1T8,吉川　敦子,水3・金1
U-LAS10 10007 LJ55,線形代数学（講義・演義）Ａ1T9,髙尾　尚武,火3・金1
U-LAS10 10007 LJ55,線形代数学（講義・演義）Ａ1T10,田中　祐二,火3・金2
U-LAS10 10007 LJ55,線形代数学（講義・演義）Ａ1T11,吉川　敦子,水3・金2
U-LAS10 10007 LJ55,線形代数学（講義・演義）Ａ1T12,髙尾　尚武,火3・金2
U-LAS10 10007 LJ55,線形代数学（講義・演義）Ａ1T13,疋田　辰之,火3・金1
U-LAS10 10007 LJ55,線形代数学（講義・演義）Ａ1T14,田中　祐二,水3・金1
U-LAS10 10007 LJ55,線形代数学（講義・演義）Ａ1T15,疋田　辰之,火3・金2
U-LAS10 10007 LJ55,線形代数学（講義・演義）Ａ1T16,田中　祐二,水3・金2
U-LAS10 10007 LJ55,線形代数学（講義・演義）Ａ1T2,永見　誠二,月3・火1
U-LAS10 10009 LJ55,"線形代数学Ａ1T23, 1T24",辻本　諭,水3
U-LAS10 10007 LJ55,線形代数学（講義・演義）Ａ1T20,井上　義也,月3・火2
U-LAS10 10010 LJ55,線形代数学（講義・演義）Ｂ1T7,田中　祐二,火3・金1
U-LAS10 10010 LJ55,線形代数学（講義・演義）Ｂ1T17,原田　雅名,月3・火1
U-LAS10 10010 LJ55,線形代数学（講義・演義）Ｂ1T3,山崎　愛一,火2・水2
U-LAS10 10010 LJ55,線形代数学（講義・演義）Ｂ1T4,永見　誠二,月3・火2
U-LAS10 10010 LJ55,線形代数学（講義・演義）Ｂ1T5,藤本　圭男,火1・金1
U-LAS10 10010 LJ55,線形代数学（講義・演義）Ｂ1T6,谷口　正樹,火2・金1
U-LAS10 10010 LJ55,線形代数学（講義・演義）Ｂ1T1,山崎　愛一,火1・水2
U-LAS10 10010 LJ55,線形代数学（講義・演義）Ｂ1T8,吉川　敦子,水3・金1
U-LAS10 10010 LJ55,線形代数学（講義・演義）Ｂ1T9,髙尾　尚武,火3・金1
U-LAS10 10010 LJ55,線形代数学（講義・演義）Ｂ1T10,田中　祐二,火3・金2
U-LAS10 10010 LJ55,線形代数学（講義・演義）Ｂ1T11,吉川　敦子,水3・金2
U-LAS10 10010 LJ55,線形代数学（講義・演義）Ｂ1T12,髙尾　尚武,火3・金2
U-LAS10 10010 LJ55,線形代数学（講義・演義）Ｂ1T13,越川　皓永,火3・金1
U-LAS10 10010 LJ55,線形代数学（講義・演義）Ｂ1T14,田中　祐二,水3・金1
U-LAS10 10010 LJ55,線形代数学（講義・演義）Ｂ1T15,越川　皓永,火3・金2
U-LAS10 10010 LJ55,線形代数学（講義・演義）Ｂ1T16,田中　祐二,水3・金2
U-LAS10 10010 LJ55,線形代数学（講義・演義）Ｂ1T2,永見　誠二,月3・火1
U-LAS10 10012 LJ55,"線形代数学Ｂ1T23, 1T24",辻本　諭,水3
U-LAS10 10010 LJ55,線形代数学（講義・演義）Ｂ1T20,原田　雅名,月3・火2
U-LAS10 20005 LJ55,"線形代数学続論2S1, 2S2, 2S3, 2S4",稲場　道明,火4
U-LAS10 20005 LJ55,"線形代数学続論2S5, 2S6, 2S7, 2S8",藤野　修,金3
U-LAS10 20005 LJ55,"線形代数学続論2H1, 2H2, 2H3, 2T3, 2T4",足立　匡義,火2
U-LAS10 20005 LJ55,"線形代数学続論2T1, 2T2",泉　正己,金2
U-LAS10 20005 LJ55,"線形代数学続論2T13, 2T14, 2T15, 2T16",木坂　正史,火4
U-LAS10 20005 LJ55,"線形代数学続論2T23, 2T24",木上　淳,月2
U-LAS10 10001 LJ55,微分積分学（講義・演義）Ａ1T1,角　大輝,月3・火1
U-LAS10 10001 LJ55,微分積分学（講義・演義）Ａ1T2,明石　望洋,火1・水2
U-LAS10 10001 LJ55,微分積分学（講義・演義）Ａ1T3,曽我部　太郎,月3・火2
U-LAS10 10001 LJ55,微分積分学（講義・演義）Ａ1T4,梶原　唯加,火2・水2
U-LAS10 10001 LJ55,微分積分学（講義・演義）Ａ1T5,菊地　克彦,火1・水2
U-LAS10 10001 LJ55,微分積分学（講義・演義）Ａ1T6,菊地　克彦,火2・水2
U-LAS10 10001 LJ55,微分積分学（講義・演義）Ａ1T7,小菅　真吾,水3・金1
U-LAS10 10001 LJ55,微分積分学（講義・演義）Ａ1T8,岡安　類,火3・金1
U-LAS10 10001 LJ55,微分積分学（講義・演義）Ａ1T9,大下　顕弘,水3・金1
U-LAS10 10001 LJ55,微分積分学（講義・演義）Ａ1T10,小菅　真吾,水3・金2
U-LAS10 10001 LJ55,微分積分学（講義・演義）Ａ1T11,岡安　類,火3・金2
U-LAS10 10001 LJ55,微分積分学（講義・演義）Ａ1T12,大下　顕弘,水3・金2
U-LAS10 10001 LJ55,微分積分学（講義・演義）Ａ1T13,田中　俊二,水3・金1
U-LAS10 10001 LJ55,微分積分学（講義・演義）Ａ1T14,佐々木　建祀郎,火3・金1
U-LAS10 10001 LJ55,微分積分学（講義・演義）Ａ1T15,田中　俊二,水3・金2
U-LAS10 10001 LJ55,微分積分学（講義・演義）Ａ1T16,佐々木　建祀郎,火3・金2
U-LAS10 10001 LJ55,微分積分学（講義・演義）Ａ1T17,井上　義也,火1・水2
U-LAS10 10001 LJ55,微分積分学（講義・演義）Ａ1T18,神　貞介,月3・火1
U-LAS10 10003 LJ55,"微分積分学Ａ1T23, 1T24",久保　雅義,火3・火4
U-LAS10 10004 LJ55,微分積分学（講義・演義）Ｂ1T1,中安　淳,月3・火1
U-LAS10 10004 LJ55,微分積分学（講義・演義）Ｂ1T2,高村　茂,火1・水2
U-LAS10 10004 LJ55,微分積分学（講義・演義）Ｂ1T3,中安　淳,月3・火2
U-LAS10 10004 LJ55,微分積分学（講義・演義）Ｂ1T4,高村　茂,火2・水2
U-LAS10 10004 LJ55,微分積分学（講義・演義）Ｂ1T5,佐々木　建祀郎,火1・水2
U-LAS10 10004 LJ55,微分積分学（講義・演義）Ｂ1T6,梶原　唯加,火2・水2
U-LAS10 10004 LJ55,微分積分学（講義・演義）Ｂ1T7,小菅　真吾,水3・金1
U-LAS10 10004 LJ55,微分積分学（講義・演義）Ｂ1T8,未定,火3・金1
U-LAS10 10004 LJ55,微分積分学（講義・演義）Ｂ1T9,大下　顕弘,水3・金1
U-LAS10 10004 LJ55,微分積分学（講義・演義）Ｂ1T10,小菅　真吾,水3・金2
U-LAS10 10004 LJ55,微分積分学（講義・演義）Ｂ1T11,岡安　類,火3・金2
U-LAS10 10004 LJ55,微分積分学（講義・演義）Ｂ1T12,大下　顕弘,水3・金2
U-LAS10 10004 LJ55,微分積分学（講義・演義）Ｂ1T13,田中　俊二,水3・金1
U-LAS10 10004 LJ55,微分積分学（講義・演義）Ｂ1T14,佐々木　建祀郎,火3・金1
U-LAS10 10004 LJ55,微分積分学（講義・演義）Ｂ1T15,田中　俊二,水3・金2
U-LAS10 10004 LJ55,微分積分学（講義・演義）Ｂ1T16,佐々木　建祀郎,火3・金2
U-LAS10 10004 LJ55,微分積分学（講義・演義）Ｂ1T17,高棹　圭介,火1・水2
U-LAS10 10004 LJ55,微分積分学（講義・演義）Ｂ1T18,菊地　克彦,月3・火1
U-LAS10 10006 LJ55,"微分積分学Ｂ1T23, 1T24",久保　雅義,火3・火4
U-LAS10 20001 LJ55,"微分積分学続論Ｉ－ベクトル解析2S1, 2S2, 2S3, 2S4",白石　大典,水3
U-LAS10 20001 LJ55,"微分積分学続論Ｉ－ベクトル解析2S5, 2S6, 2S7, 2S8",原田　雅名,火2
U-LAS10 20001 LJ55,"微分積分学続論Ｉ－ベクトル解析2T1, 2T2, 2T3, 2T4",宮路　智行,水2
U-LAS10 20001 LJ55,"微分積分学続論Ｉ－ベクトル解析2T5, 2T6, 2A6",髙尾　尚武,火4
U-LAS10 20001 LJ55,"微分積分学続論Ｉ－ベクトル解析2T7, 2T8, 2T9",曽我部　太郎,木3
U-LAS10 20001 LJ55,"微分積分学続論Ｉ－ベクトル解析2T10, 2T11, 2T12",三上　渓太,金4
U-LAS10 20001 LJ55,"微分積分学続論Ｉ－ベクトル解析2T13, 2T14, 2T15, 2T16",美舩　健,月5
U-LAS10 20001 LJ55,"微分積分学続論Ｉ－ベクトル解析2T17, 2T18, 2T19",岡井　孝行,水4
U-LAS10 20001 LJ55,"微分積分学続論Ｉ－ベクトル解析2H1, 2H2, 2H3, 2T20, 2T21, 2T22",上木　直昌,木3
U-LAS10 20003 LJ55,"微分積分学続論II－微分方程式2S1, 2S2, 2S3, 2S4",坂上　貴之,火2
U-LAS10 20003 LJ55,"微分積分学続論II－微分方程式2S5, 2S6, 2S7, 2S8",磯　祐介,水3
U-LAS10 20003 LJ55,"微分積分学続論II－微分方程式2T1, 2T2, 2T3, 2T4",藤原　宏志,水2
U-LAS10 20003 LJ55,"微分積分学続論II－微分方程式2T5, 2T6, 2A6",髙尾　尚武,火4
U-LAS10 20003 LJ55,"微分積分学続論II－微分方程式2H1, 2H2, 2H3, 2T7, 2T8, 2T9",角　大輝,木3
U-LAS10 20003 LJ55,"微分積分学続論II－微分方程式2T10, 2T11, 2T12",生駒　英晃,金4
U-LAS10 20003 LJ55,"微分積分学続論II－微分方程式2T13, 2T14, 2T15, 2T16",岡井　孝行,月3
U-LAS10 20003 LJ55,"微分積分学続論II－微分方程式2T17, 2T18, 2T19",磯　祐介,水4
U-LAS10 20003 LJ55,"微分積分学続論II－微分方程式2T20, 2T21, 2T22",三上　渓太,木3
U-LAS10 20003 LJ55,"微分積分学続論II－微分方程式2T23, 2T24",矢ヶ崎　一幸,水4
U-LAS10 20001 LJ55,"微分積分学続論Ｉ－ベクトル解析2T23, 2T24",柴山　允瑠,木3
U-LAS10 10007 LJ55,線形代数学（講義・演義）Ａ1T18,中安　淳,火1・水2
U-LAS10 10010 LJ55,線形代数学（講義・演義）Ｂ1T18,原田　雅名,火1・水2
U-LAS10 10001 LJ55,微分積分学（講義・演義）Ａ1T20,井上　義也,火2・水2
U-LAS10 10004 LJ55,微分積分学（講義・演義）Ｂ1T20,高棹　圭介,火2・水2
U-LAS10 10001 LJ55,"微分積分学（講義・演義）Ａ1M4, 1M6",上野　智弘,水1・木1
U-LAS10 10001 LJ55,微分積分学（講義・演義）Ａ1A4,神　貞介,月2・水4
U-LAS10 10001 LJ55,微分積分学（講義・演義）Ａ1φ2,桑垣　樹,水2・金3
U-LAS10 10001 LJ55,微分積分学（講義・演義）Ａ1A1,岡安　類,火2・水3
U-LAS10 10001 LJ55,微分積分学（講義・演義）Ａ1φ1,桑垣　樹,水1・金3
U-LAS10 10001 LJ55,微分積分学（講義・演義）Ａ1A2,岡安　類,火2・水4
U-LAS10 10007 LJ55,線形代数学（講義・演義）Ａ1A4,名倉　誠,火2・水4
U-LAS10 10007 LJ55,"線形代数学（講義・演義）Ａ1M4, 1M6",大塚　研一,火2・水1
U-LAS10 10007 LJ55,線形代数学（講義・演義）Ａ1φ1,木坂　正史,水1・木2
U-LAS10 10007 LJ55,線形代数学（講義・演義）Ａ1φ2,木坂　正史,水2・木2
U-LAS10 10007 LJ55,線形代数学（講義・演義）Ａ1A1,西村　進,月2・水3
U-LAS10 10007 LJ55,線形代数学（講義・演義）Ａ1A2,平賀　郁,月2・水4
U-LAS10 10004 LJ55,"微分積分学（講義・演義）Ｂ1M4, 1M6",未定,水1・木1
U-LAS10 10004 LJ55,微分積分学（講義・演義）Ｂ1φ2,桑垣　樹,水2・金3
U-LAS10 10004 LJ55,"微分積分学（講義・演義）Ｂ1A1, 1A2",岡安　類,火2・水3
U-LAS10 10004 LJ55,微分積分学（講義・演義）Ｂ1φ1,桑垣　樹,水1・金3
U-LAS10 10010 LJ55,"線形代数学（講義・演義）Ｂ1M4, 1M6",未定,火2・水1
U-LAS10 10010 LJ55,線形代数学（講義・演義）Ｂ1φ1,木坂　正史,水1・木2
U-LAS10 10010 LJ55,線形代数学（講義・演義）Ｂ1φ2,木坂　正史,水2・木2
U-LAS10 10010 LJ55,"線形代数学（講義・演義）Ｂ1A1, 1A2",平賀　郁,月2・水3
U-LAS10 10007 LJ55,線形代数学（講義・演義）Ａ1A3,名倉　誠,火2・水3
U-LAS10 10010 LJ55,"線形代数学（講義・演義）Ｂ1A3, 1A4",井上　義也,火2・水4
U-LAS10 10001 LJ55,微分積分学（講義・演義）Ａ1A3,神　貞介,月2・水3
U-LAS10 10004 LJ55,"微分積分学（講義・演義）Ｂ1A3, 1A4",神　貞介,月2・水4
U-LAS10 10001 LJ55,"微分積分学（講義・演義）Ａ1M1, 1M2",原田　雅名,水1・木2
U-LAS10 10004 LJ55,微分積分学（講義・演義）Ｂ1S7,菊地　克彦,月2・木2
U-LAS10 10007 LJ55,"線形代数学（講義・演義）Ａ1M1, 1M2",吉安　徹,水1・金3
U-LAS10 10010 LJ55,線形代数学（講義・演義）Ｂ1S7,市野　篤史,木2・金2
U-LAS10 10001 LJ55,微分積分学（講義・演義）Ａ1S1,清水　扇丈,月2・木1
U-LAS10 10001 LJ55,微分積分学（講義・演義）Ａ1S2,稲生　啓行,木1・金2
U-LAS10 10001 LJ55,微分積分学（講義・演義）Ａ1S3,菊地　克彦,月2・木1
U-LAS10 10001 LJ55,微分積分学（講義・演義）Ａ1S4,窪田　陽介,木1・金2
U-LAS10 10001 LJ55,微分積分学（講義・演義）Ａ1S5,清水　扇丈,月2・木2
U-LAS10 10001 LJ55,微分積分学（講義・演義）Ａ1S6,稲生　啓行,木2・金2
U-LAS10 10004 LJ55,微分積分学（講義・演義）Ｂ1S1,清水　扇丈,月2・木1
U-LAS10 10004 LJ55,微分積分学（講義・演義）Ｂ1S2,稲生　啓行,木1・金2
U-LAS10 10004 LJ55,微分積分学（講義・演義）Ｂ1S3,浅岡　正幸,月2・木1
U-LAS10 10004 LJ55,微分積分学（講義・演義）Ｂ1S4,窪田　陽介,木1・金2
U-LAS10 10004 LJ55,微分積分学（講義・演義）Ｂ1S5,清水　扇丈,月2・木2
U-LAS10 10004 LJ55,微分積分学（講義・演義）Ｂ1S6,稲生　啓行,木2・金2
U-LAS10 10007 LJ55,線形代数学（講義・演義）Ａ1S1,井上　義也,木1・金2
U-LAS10 10007 LJ55,線形代数学（講義・演義）Ａ1S2,高村　茂,月2・木1
U-LAS10 10007 LJ55,線形代数学（講義・演義）Ａ1S3,伊藤　哲史,木1・金2
U-LAS10 10007 LJ55,線形代数学（講義・演義）Ａ1S4,鈴木　美裕,月2・木1
U-LAS10 10007 LJ55,線形代数学（講義・演義）Ａ1S5,井上　義也,木2・金2
U-LAS10 10007 LJ55,線形代数学（講義・演義）Ａ1S6,高村　茂,月2・木2
U-LAS10 10010 LJ55,線形代数学（講義・演義）Ｂ1S1,井上　義也,木1・金2
U-LAS10 10010 LJ55,線形代数学（講義・演義）Ｂ1S2,藤原　耕二,月2・木1
U-LAS10 10010 LJ55,線形代数学（講義・演義）Ｂ1S3,市野　篤史,木1・金2
U-LAS10 10010 LJ55,線形代数学（講義・演義）Ｂ1S4,鈴木　美裕,月2・木1
U-LAS10 10010 LJ55,線形代数学（講義・演義）Ｂ1S5,井上　義也,木2・金2
U-LAS10 10010 LJ55,線形代数学（講義・演義）Ｂ1S6,藤原　耕二,月2・木2
U-LAS10 20009 LJ55,関数論,吉川　謙一,火2
U-LAS10 20009 LJ55,関数論,坂上　貴之,水2
U-LAS10 20009 LJ55,関数論,木坂　正史,水3
U-LAS11 10003 LJ55,"数理統計2T7, 2T8, 2T9",杉山　登志,月1
U-LAS11 10003 LJ55,"数理統計2T23, 2T24",森　隆大,木1
U-LAS11 10003 LJ55,"数理統計2S1, 2S2, 2S3, 2S4, 2S5, 2S6, 2S7, 2S8",日野　正訓,月2
U-LAS11 10003 LJ55,"数理統計2T10, 2T11, 2T12",上木　直昌,水2
U-LAS11 10003 LJ55,"数理統計2T13, 2T14, 2T15, 2T16",石井　信,月2
U-LAS11 10003 LJ55,"数理統計2A5, 2A6, 2A7, 2A8",竹内　潤一郎,金1
U-LAS12 20005 LJ57,解析力学,成木　恵,木4
U-LAS12 10011 LJ57,初修物理学Ａ,石井　裕剛,月3
U-LAS12 10016 LJ57,振動・波動論,森成　隆夫,火4
U-LAS12 10016 LJ57,"振動・波動論2T5, 2T6",吉田　鉄平,金2
U-LAS12 10016 LJ57,振動・波動論,木下　俊哉,木3
U-LAS12 10016 LJ57,振動・波動論,吉田　恒也,水2
U-LAS12 10016 LJ57,振動・波動論,中尾　恵,金3
U-LAS12 10016 LJ57,振動・波動論,木下　勝之,火2
U-LAS12 10018 LJ57,"電磁気学続論2S1, 2S2, 2S3, 2S4, 2S5, 2S6, 2S7, 2S8",松田　祐司,火1
U-LAS12 10018 LJ57,"電磁気学続論2T11, 2T12",江利口　浩二,火2
U-LAS12 10018 LJ57,"電磁気学続論2T9, 2T10",松尾　二郎,火2
U-LAS12 10018 LJ57,"電磁気学続論2T7, 2T8",蓮尾　昌裕,水2
U-LAS12 20001 LJ57,"統計物理学2T13, 2T14, 2T15, 2T16",掛谷　一弘,水1
U-LAS12 20003 LJ57,特殊相対論,阪上　雅昭,火4
U-LAS12 10009 LJ57,熱力学,市川　正敏,火1
U-LAS12 10009 LJ57,熱力学,川那辺　洋,月3
U-LAS12 10009 LJ57,熱力学,柏谷　悦章,水2
U-LAS12 10009 LJ57,"熱力学2T5, 2T6",木下　俊哉,火2
U-LAS12 10009 LJ57,熱力学,高井　茂臣,火1
U-LAS12 10009 LJ57,熱力学,佐々　真一,水4
U-LAS12 10009 LJ57,熱力学,山本　潤,水1
U-LAS12 10001 LJ57,"物理学基礎論Ａ1S7, 1S8",石田　憲二,月4
U-LAS12 10001 LJ57,"物理学基礎論Ａ1A1, 1A2, 1A3, 1A4",佐々木　豊,火1
U-LAS12 10001 LJ57,"物理学基礎論Ａ1T17, 1T18, 1T19",安部　正高,金1
U-LAS12 10001 LJ57,"物理学基礎論Ａ1H1, 1H2, 1H3, 1M4, 1M5, 1M6, 1φ1, 1φ2",高木　紀明,火1
U-LAS12 10001 LJ57,"物理学基礎論Ａ1T5, 1T6",笠原　裕一,木2
U-LAS12 10001 LJ57,"物理学基礎論Ａ1T7, 1T8, 1T9",吉岡　興一,木1
U-LAS12 10001 LJ57,"物理学基礎論Ａ1T10, 1T11, 1T12",岩室　史英,木1
U-LAS12 10001 LJ57,"物理学基礎論Ａ1T20, 1T21, 1T22",藤本　仁,金1
U-LAS12 10001 LJ57,"物理学基礎論Ａ1A6, 1A7, 1A8",野上　大作,火1
U-LAS12 10001 LJ57,"物理学基礎論Ａ1S4, 1S5, 1S6",角五　彰,月4
U-LAS12 10001 LJ57,"物理学基礎論Ａ1S1, 1S2, 1S3",橋本　幸士,月4
U-LAS12 10001 LJ57,"物理学基礎論Ａ1T1, 1T2",後藤　仁志,金1
U-LAS12 10001 LJ57,"物理学基礎論Ａ1T23, 1T24",梅野　健,水4
U-LAS12 10001 LJ57,"物理学基礎論Ａ1T3, 1T4",八木　知己,金1
U-LAS12 10001 LJ57,"物理学基礎論Ａ1T13, 1T14, 1T15, 1T16",銭廣　十三,水4
U-LAS12 10004 LJ57,"物理学基礎論Ｂ1T3, 1T4",吉田　鉄平,金1
U-LAS12 10004 LJ57,"物理学基礎論Ｂ1M1, 1M2, 1M3",藤原　直樹,火1
U-LAS12 10004 LJ57,"物理学基礎論Ｂ1T19, 1T20, 1T21, 1T22",高須　洋介,金1
U-LAS12 10004 LJ57,"物理学基礎論Ｂ1H1, 1H2, 1H3, 1M4, 1M5, 1M6, 1φ1, 1φ2",森成　隆夫,火1
U-LAS12 10004 LJ57,"物理学基礎論Ｂ1A1, 1A2, 1A3, 1A4",鶴　剛,火1
U-LAS12 10004 LJ57,"物理学基礎論Ｂ1A6, 1A7, 1A8",土井　俊哉,火1
U-LAS12 10004 LJ57,"物理学基礎論Ｂ1T1, 1T2, 1T17, 1T18",田中　仁,金1
U-LAS12 10004 LJ57,"物理学基礎論Ｂ1T5, 1T6",石澤　明宏,木2
U-LAS12 10004 LJ57,"物理学基礎論Ｂ1S7, 1S8",横山　央明,月4
U-LAS12 10004 LJ57,"物理学基礎論Ｂ1S1, 1S2, 1S3",永江　知文,月4
U-LAS12 10004 LJ57,"物理学基礎論Ｂ1T10, 1T11, 1T12",前田　啓一,木1
U-LAS12 10004 LJ57,"物理学基礎論Ｂ1T7, 1T8, 1T9",打田　正樹,木1
U-LAS12 10004 LJ57,"物理学基礎論Ｂ1S4, 1S5, 1S6",中家　剛,月4
U-LAS12 10004 LJ57,"物理学基礎論Ｂ1T23, 1T24",辻　徹郎,水4
U-LAS12 10007 EJ57,"物理学実験1S1, 1S2, 1S3",石田　憲二,金3・金4
U-LAS12 10007 EJ57,"物理学実験1H1, 1H2, 1H3, 1T10",物理学実験授業担当教員,月3・月4
U-LAS12 10007 EJ57,"物理学実験1T17, 1T18, 1T19",物理学実験授業担当教員,水3・水4
U-LAS12 10007 EJ57,"物理学実験1T13, 1T14, 1T15, 1T16, 1T23, 1T24",物理学実験授業担当教員,木3・木4
U-LAS12 10007 EJ57,"物理学実験1S6, 1S7, 1S8, 1A6",物理学実験授業担当教員,火3・火4
U-LAS12 10007 EJ57,"物理学実験1T7, 1T8, 1T9",物理学実験授業担当教員,月3・月4
U-LAS12 10007 EJ57,"物理学実験1S4, 1S5",物理学実験授業担当教員,金3・金4
U-LAS12 10007 EJ57,"物理学実験1M4, 1M5, 1M6, 1T3, 1T4, 1T20, 1T21, 1T22",物理学実験授業担当教員,水3・水4
U-LAS12 10007 EJ57,"物理学実験1T11, 1T12",物理学実験授業担当教員,木3・木4
U-LAS12 10007 EJ57,"物理学実験1T1, 1T2, 1T5, 1T6",物理学実験授業担当教員,火3・火4
U-LAS12 20007 LJ57,量子物理学,杉本　茂樹,月3
U-LAS12 10014 LJ57,"力学続論1S3, 1S6, 1S7, 1S8",荒木　武昭,月3
U-LAS12 10014 LJ57,"力学続論1T15, 1T16",菅沼　秀夫,火4
U-LAS12 10014 LJ57,力学続論,幸坂　祐生,水4
U-LAS12 10014 LJ57,"力学続論1T13, 1T14",細川　隆史,火4
U-LAS12 10014 LJ57,"力学続論1S1, 1S2, 1S4, 1S5",中　暢子,火3
U-LAS12 10001 LJ57,"物理学基礎論Ａ1M1, 1M2, 1M3",藤原　直樹,火1
U-LAS12 10016 LJ57,振動・波動論,森成　隆夫,月3
U-LAS12 10013 LJ57,初修物理学Ｂ,奥村　英之,木5
U-LAS12 20001 LJ57,統計物理学,森成　隆夫,月4
U-LAS12 10016 LJ57,振動・波動論,薄　良彦,火5
U-LAS12 10023 LJ57,みんなの物理Ｉ,舟橋　春彦,火3
U-LAS12 10024 LJ57,みんなの物理II,舟橋　春彦,火3
U-LAS12 10009 LJ57,熱力学,森成　隆夫,月4
U-LAS12 10014 LJ57,力学続論,高木　紀明,水2
U-LAS12 10009 LJ57,熱力学,森成　隆夫,火4
U-LAS13 20003 LJ60,無機化学入門Ａ,田部　勢津久,月2
U-LAS13 20005 LJ60,無機化学入門Ｂ,田部　勢津久,月2
U-LAS13 10011 EJ60,"基礎化学実験1T7, 1T8, 1T9",基礎化学実験授業担当教員,月3・月4
U-LAS13 10011 EJ60,"基礎化学実験1A1, 1A2, 1A3, 1A4, 1A7, 1A8",基礎化学実験授業担当教員,火3・火4
U-LAS13 10011 EJ60,"基礎化学実験1T20, 1T21, 1T22",基礎化学実験授業担当教員,水3・水4
U-LAS13 10011 EJ60,"基礎化学実験1M4, 1T11, 1T12",基礎化学実験授業担当教員,木3・木4
U-LAS13 10011 EJ60,"基礎化学実験1S4, 1S5, 1S6, 1T3, 1T4",基礎化学実験授業担当教員,金3・金4
U-LAS13 10011 EJ60,"基礎化学実験1φ1, 1φ2, 1T10",基礎化学実験授業担当教員,月3・月4
U-LAS13 10011 EJ60,"基礎化学実験1H1, 1H2, 1H3, 1S3, 1S7, 1S8, 1A1, 1A2, 1A3, 1A4, 1A7, 1A8",基礎化学実験授業担当教員,火3・火4
U-LAS13 10011 EJ60,"基礎化学実験1T17, 1T18, 1T19",基礎化学実験授業担当教員,水3・水4
U-LAS13 10011 EJ60,"基礎化学実験1S1, 1S2, 1M5, 1M6, 1T1, 1T2",基礎化学実験授業担当教員,金3・金4
U-LAS13 20003 LJ60,無機化学入門Ａ,内本　喜晴,金2
U-LAS13 20005 LJ60,無機化学入門Ｂ,内本　喜晴,金2
U-LAS13 10018 LJ60,生活と環境の化学,杉山　雅人,水2
U-LAS13 10017 LJ60,自然と環境の化学,杉山　雅人,水2
U-LAS13 10005 LJ60,"基礎物理化学（量子論）1H1, 1H2, 1H3",梶井　克純,金3
U-LAS13 10005 LJ60,"基礎物理化学（量子論）1T9, 1T10",内本　喜晴,水4
U-LAS13 10005 LJ60,"基礎物理化学（量子論）1T11, 1T12",吉田　寿雄,水4
U-LAS13 20009 SJ60,探究型化学課題演習III －有機化合物の化学－,藤田　健一,水3・水4
U-LAS13 10003 LJ60,"基礎物理化学（熱力学）1H1, 1H2, 1H3",梶井　克純,金3
U-LAS13 10003 LJ60,"基礎物理化学（熱力学）1T11, 1T12",吉田　寿雄,水4
U-LAS13 10003 LJ60,"基礎物理化学（熱力学）1T9, 1T10",内本　喜晴,水4
U-LAS13 10013 LJ60,化学概論Ｉ,中村　敏浩,金5
U-LAS13 10014 LJ60,化学概論II,中村　敏浩,金5
U-LAS13 10010 LJ60,"基礎有機化学II1H1, 1H2, 1H3",廣戸　聡,月1
U-LAS13 10010 LJ60,"基礎有機化学II1M1, 1M2, 1M3",小松　直樹,月1
U-LAS13 10007 LJ60,"基礎有機化学Ｉ1H1, 1H2, 1H3",廣戸　聡,月1
U-LAS13 10007 LJ60,"基礎有機化学Ｉ1M1, 1M2, 1M3",小松　直樹,月1
U-LAS13 10007 LJ60,"基礎有機化学Ｉ1T1, 1T2",藤田　健一,月1
U-LAS13 10007 LJ60,"基礎有機化学Ｉ1T3, 1T4",藤田　健一,木2
U-LAS13 10010 LJ60,基礎有機化学II,藤田　健一,月5
U-LAS13 20001 SJ60,有機化学演習Ａ,廣戸　聡,水5
U-LAS13 20002 SJ60,有機化学演習Ｂ,廣戸　聡,水5
U-LAS13 10007 LJ60,"基礎有機化学Ｉ1M4, 1M5, 1M6",津江　広人,月1
U-LAS70 10001 SJ50,ILASセミナー ：微生物ってなに？-身の回りの微生物,宮下　英明,月5
U-LAS14 20008 LJ68,植物自然史II,瀬戸口　浩彰,金1
U-LAS14 10006 PJ68,生物学実習II ［自然史コース］,西川　完途,水3・水4
U-LAS14 10005 PJ69,生物学実習Ｉ ［基礎コース］,瀬戸口　浩彰,月3・月4
U-LAS14 10005 PJ69,生物学実習Ｉ ［基礎コース］,市岡　孝朗,金3・金4
U-LAS14 20013 LJ68,藻類学概論,宮下　英明,火1
U-LAS14 10007 PJ68,生物学実習III ［細胞と分子生物学コース］,宮下　英明,月3・月4
U-LAS14 20012 LJ68,行動生態学入門,市岡　孝朗,木1
U-LAS14 10006 PJ68,生物学実習II ［自然史コース］,市岡　孝朗,水3・水4
U-LAS14 20007 LJ68,植物自然史Ｉ,瀬戸口　浩彰,金1
U-LAS14 10007 PJ68,生物学実習III ［細胞と分子生物学コース］,土屋　徹,月3・月4
U-LAS14 20006 LJ68,動物自然史II,西川　完途,金1
U-LAS14 20017 LJ68,「生命の進化」概論,土屋　徹,火1
U-LAS15 20001 LJ58,フィールド地球科学,小木曽　哲,火2
U-LAS15 10007 LJ58,地球の営みＩ －環境変動,石村　豊穂,月5
U-LAS15 10009 LJ58,地球の営みII －地球史,小木曽　哲,月5
U-LAS15 20005 LJ58,太陽系と地球の物質,小木曽　哲,木2
U-LAS15 10001 LJ58,"基礎地球科学A （現在の地球の活動と私たち）1H1, 1H2, 1H3, 1S1, 1S2, 1S3, 1S4, 1S5, 1S6, 1S7, 1S8",加藤　護,金1
U-LAS15 10003 LJ58,"基礎地球科学B （地球誕生から現在まで）1H1, 1H2, 1H3, 1S1, 1S2, 1S3, 1S4, 1S5, 1S6, 1S7, 1S8",加藤　護,金1
U-LAS15 10001 LJ58,"基礎地球科学A （地球システムの歴史と変遷）1H1, 1H2, 1H3, 1S1, 1S2, 1S3, 1S4, 1S5, 1S6, 1S7, 1S8",石村　豊穂,金1
U-LAS15 10003 LJ58,"基礎地球科学B （地球システムと環境）1H1, 1H2, 1H3, 1S1, 1S2, 1S3, 1S4, 1S5, 1S6, 1S7, 1S8",石村　豊穂,金1
U-LAS15 10006 LJ58,地球科学入門 －ダイナミクス,岡林　識起,火2
U-LAS15 10005 EJ58,"地球科学実験1S3, 1S6, 1S7, 1S8",小木曽　哲,金3・金4
U-LAS15 10005 EJ58,"地球科学実験1H1, 1H2, 1H3, 1S1, 1S2, 1S4, 1S5",小木曽　哲,火3・火4
U-LAS14 20039 LJ68,神経科学の基礎,水原　啓暁,木4
U-LAS14 20040 LJ68,神経生理学の基礎 －生体情報論－,細川　浩,月3
U-LAS30 20001 LJ10,情報数学Ｉ,三好　博之,月3
U-LAS30 20002 LJ10,情報数学II,三好　博之,月3
U-LAS16 10001 LJ55,"図学Ａ1T3, 1T4",前田　昌弘,火4
U-LAS16 10001 LJ55,"図学Ａ1T1, 1T2",中嶋　節子,火4
U-LAS16 10001 LJ55,図学Ａ1T6,前田　昌弘,水4
U-LAS16 10001 LJ55,図学Ａ,山本　直彦,火2
U-LAS16 10001 LJ55,図学Ａ1T5,中嶋　節子,水4
U-LAS16 10001 LJ55,図学Ａ,山本　直彦,火3
U-LAS16 10002 LJ55,"図学Ｂ1T5, 1T6",中嶋　節子,水4
U-LAS16 10002 LJ55,図学Ｂ,前田　昌弘,火4
U-LAS12 20008 LJ57,やわらかな物理学－物質と生命の本質を探る,山本　潤,木5
U-LAS15 10011 LJ56,宇宙科学入門,太田　耕司,水4
U-LAS15 10011 LJ56,宇宙科学入門,太田　耕司,水4
U-LAS15 10011 LJ56,宇宙科学入門,太田　耕司,水5
U-LAS15 10011 LJ56,宇宙科学入門,太田　耕司,水5
U-LAS14 10002 LJ69,"個体と集団の基礎生物学1A1, 1A2, 1A3, 1A4",森　哲,火4
U-LAS14 10002 LJ69,"個体と集団の基礎生物学1A7, 1A8",中野　隆文,火4
U-LAS14 10002 LJ69,"個体と集団の基礎生物学1S1, 1S2, 1S3, 1S4",中野　隆文,水1
U-LAS14 10002 LJ69,"個体と集団の基礎生物学1S5, 1S6, 1S7, 1S8",中野　隆文,水1
U-LAS14 10002 LJ69,"個体と集団の基礎生物学1A1, 1A2, 1A3, 1A4",中野　隆文,金2
U-LAS14 10003 LJ69,"細胞と分子の基礎生物学1A1, 1A2, 1A3, 1A4",今元　泰,月1
U-LAS14 10003 LJ69,"細胞と分子の基礎生物学1A7, 1A8",小山　時隆,月1
U-LAS14 10003 LJ69,"細胞と分子の基礎生物学1S1, 1S2, 1S3, 1S4",今元　泰,水4
U-LAS14 10003 LJ69,"細胞と分子の基礎生物学1S5, 1S6, 1S7, 1S8",秋山　秋梅,水4
U-LAS14 10003 LJ69,"細胞と分子の基礎生物学1M4, 1M5, 1M6",山下　高廣,月4
U-LAS14 20010 LJ68,自然人類学Ｉ,中村　美知夫,水2
U-LAS14 20011 LJ68,自然人類学II,中務　真人,水2
U-LAS14 20024 LJ68,生物物理学入門,森　和俊,月5
U-LAS12 20012 LJ57,低温科学Ａ,石田　憲二,木4
U-LAS12 20013 LJ57,低温科学Ｂ,植田　浩明,金5
U-LAS15 10017 PJ56,天体観測実習,野上　大作,集中岡山天文台：8月7日(月)～11日(金) 　飛騨天文台：8月21日(月)～25日(金)
U-LAS10 20011 LJ55,非線型数学,磯　祐介,木3
U-LAS15 10015 LJ58,地球の物理,久家　慶子,木5
U-LAS10 20013 SJ55,非線型数学セミナー,磯　祐介,金4
U-LAS12 20009 LJ57,現代の素粒子像,中家　剛,金5
U-LAS15 10016 LJ58,地球の誕生と進化,生形　貴男,火5
U-LAS10 10002 LE55,Calculus with Exercises A1T25,Svadlenka Karel,火2・水2
U-LAS10 10005 LE55,Calculus with Exercises B1T25,未定,火2・水2
U-LAS10 10008 LE55,Linear Algebra with Exercises A1T25,COLLINS Benoit Vincent Pierre,月3・火2
U-LAS10 10011 LE55,Linear Algebra with Exercises B1T25,COLLINS Benoit Vincent Pierre,月3・火2
U-LAS14 20009 LJ68,植物自然史III,布施　静香,金2
U-LAS12 20010 EJ57,現代物理学実験,永江　知文,集中
U-LAS13 10005 LJ60,"基礎物理化学（量子論）1S4, 1S5, 1S6",足立　俊輔,水2
U-LAS13 10005 LJ60,"基礎物理化学（量子論）1S7, 1S8",吉田　幸大,水2
U-LAS13 10005 LJ60,"基礎物理化学（量子論）1S1, 1S2, 1S3",倉重　佑輝,水2
U-LAS13 10005 LJ60,"基礎物理化学（量子論）1T7, 1T8",小板谷　貴典,水4
U-LAS13 10005 LJ60,基礎物理化学（量子論）,梶井　克純,木3
U-LAS10 20017 LE55,Honors Mathematics A-E2,未定,集中
U-LAS13 10003 LJ60,"基礎物理化学（熱力学）1S1, 1S2, 1S3",熊﨑　茂一,水2
U-LAS13 10003 LJ60,"基礎物理化学（熱力学）1S4, 1S5, 1S6",奥山　弘,水2
U-LAS13 10003 LJ60,"基礎物理化学（熱力学）1S7, 1S8",渡邊　一也,水2
U-LAS13 10003 LJ60,"基礎物理化学（熱力学）1T7, 1T8",大塚　晃弘,水4
U-LAS13 10015 LJ60,文系向の基礎化学Ｉ,竹田　一旗,木5
U-LAS13 10016 LJ60,文系向の基礎化学II,板東　俊和,木5
U-LAS13 10020 LJ60,化学のフロンティアＩ,小野　輝男,木4
U-LAS13 20010 LJ60,理論化学入門Ｉ,谷村　吉隆,金4
U-LAS13 20011 LJ60,理論化学入門II,谷村　吉隆,金4
U-LAS10 20018 LE55,Honors Mathematics B-E2,COLLINS Benoit Vincent Pierre,火3
U-LAS13 10001 LJ60,"基礎物理化学要論1A7, 1A8",林　重彦,金2
U-LAS13 10001 LJ60,基礎物理化学要論,林　重彦,金5
U-LAS13 10021 LJ60,化学のフロンティアII,前里　光彦,木4
U-LAS13 10007 LJ60,"基礎有機化学Ｉ1S1, 1S2, 1S3, 1S4",下川　淳,水4
U-LAS13 10007 LJ60,"基礎有機化学Ｉ1S5, 1S6, 1S7, 1S8",板東　俊和,水4
U-LAS13 10010 LJ60,基礎有機化学II,儘田　正史,月5
U-LAS15 10004 LE58,Introduction to Earth Science B-E2,ZWINGMANN，Horst Friedrich August,水1
U-LAS15 20009 SE58,Advanced Practice of Earth Science-E2,ZWINGMANN，Horst Friedrich August,集中未定
U-LAS15 20002 LE58,Field Earth Science-E2,ZWINGMANN，Horst Friedrich August,水2
U-LAS14 20037 LE68,Introduction to Biochemistry-E2,Shohab YOUSSEFIAN,火2
U-LAS14 20037 LE68,Introduction to Biochemistry-E2,Shohab YOUSSEFIAN,火3
U-LAS14 20038 LE68,Introduction to Molecular Biotechnology-E2,Shohab YOUSSEFIAN,火3
U-LAS14 20029 LE68,Principles of Genetics-E2,Shohab YOUSSEFIAN,火2
U-LAS14 20043 LE68,Introduction to Behavioral Neuroscience A-E2,VEALE，Richard Edmund,金5
U-LAS14 20044 LE68,Introduction to Behavioral Neuroscience B-E2,VEALE，Richard Edmund,金5
U-LAS11 10002 LE55,Introductory Statistics-E2,VEALE，Richard Edmund,金3
U-LAS13 10003 LJ60,"基礎物理化学（熱力学）1φ1, 1φ2",星野　大,金2
U-LAS13 10007 LJ60,"基礎有機化学Ｉ1φ1, 1φ2",瀧川　紘,水3
U-LAS13 10010 LJ60,"基礎有機化学II1φ1, 1φ2",大野　浩章,水3
U-LAS12 10011 LJ57,初修物理学Ａ,藤本　健治,木2
U-LAS10 10013 LJ55,"自然現象と数学1T3, 1T4",松井　康人,火3
U-LAS10 10013 LJ55,"自然現象と数学1T1, 1T2",山上　路生,火3
U-LAS10 10013 LJ55,"自然現象と数学1T13, 1T14",阪本　卓也,水5
U-LAS10 10013 LJ55,"自然現象と数学1T15, 1T16",阪本　卓也,水5
U-LAS10 10013 LJ55,"自然現象と数学1T17, 1T18, 1T19",佐藤　徹,木4
U-LAS10 10013 LJ55,"自然現象と数学1T20, 1T21, 1T22",堀中　順一,木4
U-LAS10 10013 LJ55,"自然現象と数学1T10, 1T11, 1T12",杉元　宏,火4
U-LAS10 10013 LJ55,"自然現象と数学1T7, 1T8, 1T9",沖野　真也,火4
U-LAS10 10013 LJ55,"自然現象と数学1T5, 1T6",伊庭　千恵美,火4
U-LAS10 10013 LJ55,"自然現象と数学1T23, 1T24",矢ヶ崎　一幸,水2
U-LAS12 10002 LE57,Fundamental Physics A1T25,QURESHI，Ali Gul,木4
U-LAS12 10005 LE57,Fundamental Physics B1T25,QURESHI，Ali Gul,木4
U-LAS12 10010 LE57,Thermodynamics1T25,KHAYYER ABBAS,金2
U-LAS12 10015 LE57,Advanced Dynamics1T25,KIM，SUNMIN,火3
U-LAS10 20006 LE55,Advanced Linear Algebra2T25,CHANG，Kai-Chun,金2
U-LAS12 10017 LE57,Physics of Wave and Oscillation2T25,KIM，SUNMIN,木4
U-LAS13 10005 LJ60,"基礎物理化学（量子論）1T17, 1T18",大北　英生,木1
U-LAS13 10005 LJ60,"基礎物理化学（量子論）1T18, 1T19",松田　建児,木1
U-LAS13 10005 LJ60,"基礎物理化学（量子論）1T20, 1T21",陰山　洋,木1
U-LAS13 10005 LJ60,"基礎物理化学（量子論）1T21, 1T22",今堀　博,木1
U-LAS15 10002 LE58,Introduction to Earth Science A1T25,ZHU Fan,金1
U-LAS15 20006 LJ58,地質工学入門,林　為人,月3
U-LAS15 20007 LE58,Introduction to Engineering Geology2T25,ZHU Fan,火5
U-LAS13 10003 LJ60,"基礎物理化学（熱力学）1T17, 1T18",寺村　謙太郎,木2
U-LAS13 10003 LJ60,"基礎物理化学（熱力学）1T18, 1T19",中村　洋,木2
U-LAS13 10003 LJ60,"基礎物理化学（熱力学）1T20, 1T21",牧　泰輔,木1
U-LAS13 10003 LJ60,"基礎物理化学（熱力学）1T21, 1T22",浦山　健治,木1
U-LAS13 10007 LJ60,"基礎有機化学Ｉ1T17, 1T18",杉野目　道紀,木2
U-LAS13 10007 LJ60,"基礎有機化学Ｉ1T18, 1T19",中尾　佳亮,木2
U-LAS13 10007 LJ60,"基礎有機化学Ｉ1T20, 1T21",大江　浩一,木2
U-LAS13 10007 LJ60,"基礎有機化学Ｉ1T21, 1T22",田中　一生,木2
U-LAS13 10010 LJ60,"基礎有機化学II1T17, 1T18",石田　直樹,木1
U-LAS13 10010 LJ60,"基礎有機化学II1T20, 1T21",松原　誠二郎,木2
U-LAS13 10010 LJ60,"基礎有機化学II1T18, 1T19",杉安　和憲,木1
U-LAS13 10010 LJ60,"基礎有機化学II1T21, 1T22",近藤　輝幸,木2
U-LAS10 20009 LJ55,"関数論2T13, 2T14, 2T15, 2T16",萩原　朋道,火2
U-LAS12 20014 LJ57,生命・食料・環境と物理学,小川　雄一,木3
U-LAS15 10013 LJ58,水と緑と土の科学,中北　英一,木5
U-LAS14 20052 LE68,Introductory Plant Ecology-E2,Garry John PILLER,水3
U-LAS14 20053 LE68,Principles of Horticulture-E2,Garry John PILLER,水3
U-LAS13 10007 LJ60,"基礎有機化学Ｉ1A1, 1A2, 1A3, 1A4",森　直樹,金2
U-LAS70 10001 SJ50,ILASセミナー ：エンジンの科学,川那辺　洋,月5
U-LAS70 10001 SJ50,ILASセミナー ：量子ビームを使ってわかること,大垣　英明,月5
U-LAS12 20011 LJ57,先進エネルギー変換,堀部　直人,水3
U-LAS12 20015 LJ57,プラズマ科学入門,今寺　賢志,金4
U-LAS70 10001 SJ50,ILASセミナー ：省エネルギー社会を支える材料とデバイス,川山　巌,水5
U-LAS13 10005 LJ60,基礎物理化学（量子論）,萩原　理加,火5
U-LAS15 20011 LE58,Introduction to Mineral Resources-E2,MCLELLAN，Benjamin,水1
U-LAS13 10003 LJ60,基礎物理化学（熱力学）,梶井　克純,木3
U-LAS13 10003 LJ60,基礎物理化学（熱力学）,柏谷　悦章,水2
U-LAS61 10009 LE61,Chemistry，Society and Environment-E2,MCLELLAN，Benjamin,木1
U-LAS10 20014 LJ55,数値計算の基礎,磯　祐介,金4
U-LAS12 10014 LJ57,"力学続論1T23, 1T24",寺前　順之介,水2
U-LAS14 20041 LJ68,生命と情報,細川　浩,月3
U-LAS70 10001 SJ50,ILASセミナー ：生体情報処理入門,熊田　孝恒,火5
U-LAS10 20010 LE55,Function Theory of a Complex Variable-E2,"Li, Douglas",金2
U-LAS10 20012 LE55,Nonlinear Mathematics-E2,"Li, Douglas",金3
U-LAS11 10001 LJ55,"統計入門1M1, 1M2",田村　寛,木1
U-LAS11 10001 LJ55,統計入門,神谷　之康,火1
U-LAS11 10001 LJ55,"統計入門2φ1, 2φ2",林　和則,木3
U-LAS11 10001 LJ55,"統計入門2S1, 2S2, 2S3, 2S4",吉井　和佳,木3
U-LAS14 20025 LJ68,生化学入門,吉村　成弘,火4
U-LAS14 10003 LJ69,"細胞と分子の基礎生物学1M1, 1M2, 1M3",吉村　成弘,火2
U-LAS14 20031 LJ68,先端生命科学を支える技術Ｉ,白石　英秋,水5
U-LAS14 20032 LJ68,先端生命科学を支える技術II,今村　博臣,水5
U-LAS14 20034 LE68,Introduction to Genetics and Evolution-E2,Adam Tsuda GUY,月3
U-LAS14 20035 LE68,Basic Biology-E2,Adam Tsuda GUY,月3
U-LAS14 20036 LE68,Basic Genetic Engineering-E2,Adam Tsuda GUY,水2
U-LAS13 20012 LJ60,生命の有機化学,上杉　志成,木2
U-LAS13 20013 LE60,Organic Chemistry of Life-E2,Amelie Perron(ｱﾒﾘ ﾍﾟﾛﾝ),木4
U-LAS13 10019 LE60,Everyday Life Chemistry-E2,Amelie Perron(ｱﾒﾘ ﾍﾟﾛﾝ),木4
U-LAS13 10008 LE60,Basic Organic Chemistry I-E2,Amelie Perron(ｱﾒﾘ ﾍﾟﾛﾝ),火4
U-LAS13 10009 LE60,Basic Organic Chemistry II-E2,Amelie Perron(ｱﾒﾘ ﾍﾟﾛﾝ),火4
U-LAS63 10002 LJ28,先進エネルギー概論,森井　孝,木2
U-LAS70 10001 SJ50,ILASセミナー ：電波科学概論,山本　衛,木5
U-LAS12 20016 LJ57,防災学概論,池田　芳樹,月1
U-LAS12 20017 LE57,Introduction to Cosmology-E2,Antonio De Felice(ｱﾝﾄﾆｵ ﾃﾞ ﾌｪﾘｰﾁｪ),水2
U-LAS12 20004 LE57,Theory of Special Relativity-E2,Antonio De Felice(ｱﾝﾄﾆｵ ﾃﾞ ﾌｪﾘｰﾁｪ),水2
U-LAS10 20019 LJ55,現代の数学と数理解析 －基礎概念とその諸科学への広がり,荒川　知幸,金5
U-LAS30 20003 LJ10,コンピュータサイエンス基礎,長谷川　真人,木5
U-LAS14 20021 LE68,Conservation Biology-E2,Andrew MacIntosh,月3
U-LAS14 20020 LE68,Comparative Cognition-E2,Andrew MacIntosh,月3
U-LAS14 20022 LE68,Animal Behavior-E2,Andrew MacIntosh,月4
U-LAS14 20023 LE68,Zoo Biology-E2,Andrew MacIntosh,集中11月～12月
U-LAS70 10001 SJ50,ILASセミナー ：進化と生態の博物学,角谷　岳彦,木5
U-LAS14 20016 LJ68,博物誌学,永益　英敏,月3
U-LAS14 20015 LJ68,野生動物学入門,村山　美穂,金4
U-LAS63 10003 LJ58,宇宙総合学,浅井　歩,火5
U-LAS14 10004 LJ68,生物学のフロンティア,高橋　淑子,火4
U-LAS14 20028 LJ68,遺伝学概論,寺石　政義,火4
U-LAS13 10002 LE60,Essentials of Basic Physical Chemistry-E2,ARIVAZHAGAN RAJENDRAN,月2
U-LAS13 10004 LE60,Basic Physical Chemistry (thermodynamics)-E2,ARIVAZHAGAN RAJENDRAN,月3
U-LAS13 10006 LE60,Basic Physical Chemistry (quantum theory)-E2,ARIVAZHAGAN RAJENDRAN,月2
U-LAS13 10022 LE60,Chemistry of Sustainable Energy-E2,ARIVAZHAGAN RAJENDRAN,月3
U-LAS15 20010 LE58,Introduction to Hydrology-E2,Sameh Kantoush,木4
U-LAS61 10015 LE14,Natural Disaster Science-E2,Sameh Kantoush,木4
U-LAS24 10001 SJ48,ロシア語ＩＡ（文法） R1101,堀口　大樹,火5
U-LAS24 10001 SJ48,ロシア語ＩＡ（文法） R1102,堀口　大樹,木3
U-LAS24 10003 SJ48,ロシア語ＩＢ（文法） R1101,堀口　大樹,火5
U-LAS24 10003 SJ48,ロシア語ＩＢ（文法） R1102,堀口　大樹,木3
U-LAS24 10002 SO48,ロシア語ＩＡ（演習） R1201,Svetlana，Vinogradova,金3
U-LAS24 10002 SO48,ロシア語ＩＡ（演習） R1202,Svetlana，Vinogradova,金4
U-LAS24 10004 SO48,ロシア語ＩＢ（演習） R1201,Svetlana，Vinogradova,金3
U-LAS24 10004 SO48,ロシア語ＩＢ（演習） R1202,Svetlana，Vinogradova,金4
U-LAS24 20001 SO48,ロシア語IIＡ R201,Svetlana，Vinogradova,火5
U-LAS24 20001 SO48,ロシア語IIＡ R202,堀口　大樹,金4
U-LAS24 20002 SO48,ロシア語IIＢ R251,Svetlana，Vinogradova,火5
U-LAS24 20002 SO48,ロシア語IIＢ R252,堀口　大樹,金4
U-LAS28 10001 SJ48,アラビア語ＩＡ（文法） A1101,中道　静香,木3
U-LAS28 10003 SJ48,アラビア語ＩＢ（文法） A1101,中道　静香,木3
U-LAS28 10002 SO48,アラビア語ＩＡ（演習） A1202,岡　真理,金5
U-LAS28 10004 SO48,アラビア語ＩＢ（演習） A1202,岡　真理,金5
U-LAS28 20001 SJ48,アラビア語IIＡ A2101,中道　静香,金3
U-LAS28 20003 SJ48,アラビア語IIＢ A2151,中道　静香,金3
U-LAS28 20002 SO48,アラビア語IIＡ（演習） A2201,岡　真理,木3
U-LAS28 20004 SO48,アラビア語IIＢ（演習） A2251,岡　真理,木3
U-LAS27 10001 SO48,朝鮮語ＩＡ（文法） K1101,高城　建人,火5
U-LAS27 10001 SO48,朝鮮語ＩＡ（文法） K1103,小倉　紀蔵,金5
U-LAS27 10003 SO48,朝鮮語ＩＢ（文法） K1101,高城　建人,火5
U-LAS27 10003 SO48,朝鮮語ＩＢ（文法） K1103,小倉　紀蔵,金5
U-LAS27 10002 SJ48,朝鮮語ＩＡ（演習） K1203,高城　建人,金4
U-LAS27 10002 SJ48,朝鮮語ＩＡ（演習） K1202,小倉　紀蔵,金3
U-LAS27 10004 SJ48,朝鮮語ＩＢ（演習） K1203,高城　建人,金4
U-LAS27 10004 SJ48,朝鮮語ＩＢ（演習） K1202,小倉　紀蔵,金3
U-LAS27 20001 SJ48,朝鮮語IIＡ K2101,小倉　紀蔵,木3
U-LAS27 20003 SJ48,朝鮮語IIＢ K2151,小倉　紀蔵,木3
U-LAS27 20002 SJ48,朝鮮語IIＡ（演習） K2201,小倉　紀蔵,金4
U-LAS27 20004 SJ48,朝鮮語IIＢ（演習） K2251,小倉　紀蔵,金4
U-LAS25 20001 SJ48,イタリア語IIＡ I2101,菅野　類,木4
U-LAS25 20001 SJ48,イタリア語IIＡ I2102,片山　浩史,金3
U-LAS25 20003 SJ48,イタリア語IIＢ I2151,菅野　類,木4
U-LAS25 20003 SJ48,イタリア語IIＢ I2152,片山　浩史,金3
U-LAS25 20002 SO48,イタリア語IIＡ（演習） I2201,Ida Duretto,金4
U-LAS25 20002 SO48,イタリア語IIＡ（演習） I2202,Ida Duretto,金5
U-LAS25 20004 SO48,イタリア語IIＢ（演習） I2251,Ida Duretto,金4
U-LAS25 20004 SO48,イタリア語IIＢ（演習） I2252,Ida Duretto,金5
U-LAS20 10006 SE48,Scientific English IA (Reading and Writing)1T25,CHANG，Kai-Chun,月4
U-LAS20 10007 SE48,Scientific English IB (Technical Communication & Discussions)1T25,KIM，SUNMIN,木3
U-LAS40 20004 LJ26,体力医科学,萩生　翔大,水2
U-LAS40 20004 LJ26,体力医科学,萩生　翔大,水2
U-LAS40 20003 LJ26,生活習慣と生体機能障害,林　達也,金1
U-LAS40 20003 LJ26,生活習慣と生体機能障害,林　達也,金1
U-LAS40 20007 LJ26,発達論Ａ,田中　真介,水2
U-LAS40 20008 LJ26,発達論Ｂ,田中　真介,水2
U-LAS40 20010 SJ26,スポーツ指導法ゼミナールＡ,田中　真介,集中未定
U-LAS40 20011 SJ26,スポーツ指導法ゼミナールＢ,田中　真介,集中未定
U-LAS40 20006 LJ26,運動の生理学,神崎　素樹,火1
U-LAS40 20006 LJ26,運動の生理学,神崎　素樹,火1
U-LAS40 20005 LJ26,運動のしくみ,久代　恵介,月2
U-LAS40 20005 LJ26,運動のしくみ,久代　恵介,月2
U-LAS40 10001 LJ26,運動科学Ｉ,神崎　素樹,水3
U-LAS40 10001 LJ26,運動科学Ｉ,神崎　素樹,水4
U-LAS40 10001 LJ26,運動科学Ｉ,神崎　素樹,水3
U-LAS40 10001 LJ26,運動科学Ｉ,神崎　素樹,水4
U-LAS40 10003 LJ26,健康科学Ｉ,林　達也,火3
U-LAS40 10003 LJ26,健康科学Ｉ,林　達也,木1
U-LAS40 10003 LJ26,健康科学Ｉ,林　達也,火3
U-LAS40 10003 LJ26,健康科学Ｉ,林　達也,木1
U-LAS40 10005 LJ26,健康心理学Ｉ,船曳　康子,木3
U-LAS40 10005 LJ26,健康心理学Ｉ,船曳　康子,木3
U-LAS30 10009 LJ10U-LAS30 10009 LJ12U-LAS30 10009 LJ11,情報基礎［全学向］,立木　秀樹,月4
U-LAS30 20013 LJ11,情報ネットワーク,日置　尋久,水5
U-LAS30 20007 SJ11,プログラミング演習（Lisp）,櫻川　貴司,水4・水5
U-LAS30 10001 SJ11,情報基礎演習［全学向］,日置　尋久,月5
U-LAS30 10001 SJ11,情報基礎演習［全学向］,櫻川　貴司,火3
U-LAS30 10001 SJ11,情報基礎演習［全学向］,櫻川　貴司,火4
U-LAS30 10001 SJ11,情報基礎演習［全学向］,喜多　一,金5
U-LAS30 20008 SJ11,プログラミング演習（Ruby）,日置　尋久,月4・月5
U-LAS30 20009 SJ11,プログラミング演習（Java）,立木　秀樹,火4・火5
U-LAS30 20016 PJ11,コンピュータグラフィックス実習,日置　尋久,水1・水2
U-LAS30 20011 SJ11,プログラミング演習（数理的応用）,立木　秀樹,火4・火5
U-LAS30 10001 SJ11,情報基礎演習［全学向］,酒井　博之,木2
U-LAS30 10001 SJ11,情報基礎演習［全学向］,日置　尋久,月4
U-LAS30 10002 SJ11,情報基礎演習［文学部］,徐　勤,月1
U-LAS30 10002 SJ11,情報基礎演習［文学部］,徐　勤,水1
U-LAS30 10002 SJ11,情報基礎演習［文学部］,大浦　真,月1
U-LAS30 10003 SJ11,"情報基礎演習［理学部］1S1, 1S2, 1S3, 1S4",西村　進,木4
U-LAS30 10003 SJ11,"情報基礎演習［理学部］1S5, 1S6, 1S7, 1S8",西村　進,木5
U-LAS30 10010 LJ12U-LAS30 10010 LJ11U-LAS30 10010 LJ10,情報基礎［理学部］,西村　進,水5
U-LAS30 10011 LJ12U-LAS30 10011 LJ11U-LAS30 10011 LJ10,"情報基礎［医学部］ （人間健康科学科）1M4, 1M5, 1M6",笹山　哲,水3
U-LAS40 20016 LJ26,生体リズムと健康,若村　智子,火1
U-LAS30 10004 SJ11,"情報基礎演習［医学部］ （人間健康科学科）1M4, 1M5, 1M6",笹山　哲,金3
U-LAS40 10002 LJ26,運動科学II,山田　重人,月5
U-LAS40 10002 LJ26,運動科学II,山田　重人,月5
U-LAS40 10004 LJ26,健康科学II,奥野　恭史,金3
U-LAS40 10004 LJ26,健康科学II,木下　彩栄,金3
U-LAS40 10006 LJ26,健康心理学II,千葉　理恵,木2
U-LAS40 10006 LJ26,健康心理学II,千葉　理恵,木2
U-LAS40 20020 LJ26,健康・生命科学入門,竹島　浩,金2
U-LAS30 10012 LJ12U-LAS30 10012 LJ11U-LAS30 10012 LJ10,"情報基礎［薬学部］1φ1, 1φ2",平澤　明,月4
U-LAS30 10005 SJ11,"情報基礎演習［薬学部］1φ1, 1φ2",平澤　明,月5
U-LAS30 10006 SJ11,情報基礎演習［工学部］ （地球工学科）1T1,大城　賢,金4
U-LAS30 10006 SJ11,"情報基礎演習［工学部］ （建築学科）1T5, 1T6",佐藤　裕一,月1
U-LAS30 10006 SJ11,"情報基礎演習［工学部］ （物理工学科）1T7, 1T8, 1T9",安部　正高,月1
U-LAS30 10006 SJ11,"情報基礎演習［工学部］ （物理工学科）1T10, 1T11, 1T12",安部　正高,月1
